CLM ID,Service Line Number,Product or Service ID (SV101),Monetary Amount (SV102),Unit or Basis for Measurement Code (SV103),Quantity (SV104),Diagnosis Code Pointer,Date Time Qualifier (DTP01),Service Date (DTP03),Reference Identification Qualifier (REF01),Reference Identification (REF02)
4742333269,1,HC:76100,187,UN,1,"[1, 2, 3, 4, 5]",472,20180428,6R,142671
4742333269,2,HC:11100,50,UN,1,[1],472,20180428,6R,142671
4742333269,3,HC:41827,59,UN,1,"[2, 3, 4]",472,20180428,6R,142671
4742333269,4,HC:69090,77,UN,1,"[4, 5]",472,20180428,6R,142671
4742333269,5,HC:50125,236,UN,1,"[1, 3, 4, 5]",472,20180428,6R,142671
