Id,ORGANIZATION,NAME,GENDER,SPECIALITY,ADDRESS,CITY,STATE,ZIP,LAT,LON,ENCOUNTERS,PROCEDURES
5d79b747-bc67-3135-9308-a5e128cffd3d,74ab949d-17ac-3309-83a0-13b4405c66aa,Gabriel934 Reilly981,F,GENERAL PRACTICE,881 Main Street,Fitchburg,MA,01420,42.586487,-71.80521,14,0
60c85328-9e20-3c38-94c4-009b597977fb,e76b5eb0-0c9d-3593-b5da-3c0e9a97bb96,Sal878 Lehner980,M,GENERAL PRACTICE,1400 VFW Parkway,West Roxbury,MA,02132,42.2793,-71.1657,106,0
98698311-244a-337c-bffd-aa5a85f77c77,11ba6a26-59b4-3728-a268-6dc9929962b4,Angelic427 McCullough561,F,GENERAL PRACTICE,200 GOVERNORS AVENUE,MEDFORD,MA,021551644,42.42711615,-71.1121606632448,5,0
46322173-c180-3dbe-90e0-9c6928422ac0,0ddb0329-b59d-3187-874c-602c649249c8,Eldon28 Cassin499,M,GENERAL PRACTICE,115 W SILVER ST,WESTFIELD,MA,010853678,42.1178811,-72.75935246865802,272,0
33422c47-ec04-3239-9280-1febc0e3aff3,a14e698d-a9ba-3eae-9c8b-682ec726433d,Leticia253 Dueñas839,F,GENERAL PRACTICE,776 WESTERN AVE,LYNN,MA,019052408,42.466763,-70.9494939,9,0
20725bb4-8285-3744-91b6-6624e391b017,b6eeaaf7-1683-3bcb-b6ee-81ce304636ef,Ariane992 Pagac496,F,GENERAL PRACTICE,170 GOVERNORS AVE,MELROSE,MA,021763225,42.4564323,-71.064182,181,0
5c0c06fe-5acf-3845-b361-d21a9c7e9531,1c42af32-f17e-32ec-b007-4ff8e2de493e,Sherman440 Wunsch504,M,GENERAL PRACTICE,235 NORTH PEARL STREET,STOUGHTON,MA,020723396,42.1004556,-71.0668392,1,0
22ea50a8-fc33-3fce-806e-10fe72587e71,aade280a-3b90-3e48-9648-91109a964a63,Josef103 Klein929,M,GENERAL PRACTICE,909 SUMNER ST,DARTMOUTH,MA,027473826,41.6332267,-70.9879928,98,0
9ebb8831-ce20-3551-a04d-14df56c3ba5a,ce53c877-0290-390a-b4b4-2462001a1713,Greg949 Hilll811,M,GENERAL PRACTICE,847 ROGERS STREET  SUITE 201,LOWELL,MA,018524345,42.6275246,-71.27673639687623,11,0
f2c0bf29-7a86-350e-b409-e0f0dda6b61e,ad82d624-72eb-3c7d-a76d-79f2668d1390,Georgianne697 Howe413,F,GENERAL PRACTICE,3 WOODLAND RD,STONEHAM,MA,021801711,42.452443099999996,-71.08939988105112,43,0
bddc88df-5c4e-3edf-9869-c94fc9451ce0,6170552c-4d27-3e64-8068-64a380f1837d,Leo278 Pacocha935,M,GENERAL PRACTICE,76 SUMMER ST,HAVERHILL,MA,018305814,42.7786873,-71.07306505177553,170,0
c545ce35-ae65-3a73-a9ac-c48fec82effa,22249c0a-8ce9-3726-a3bb-b037c773ce5c,Thaddeus38 Sauer652,M,GENERAL PRACTICE,337 NEPONSET AVENUE,DORCHESTER,MA,021223103,42.2875144,-71.0470691675753,28,0
602b37e3-65a4-3a97-91d1-2741b72ed3c3,f3238779-4ca7-309e-ba0b-c6cce084ccaf,Carmen818 Tejeda887,F,GENERAL PRACTICE,356 MAIN ST,HAVERHILL,MA,018304008,42.7828744,-71.07777605304592,3,0
3c91b05b-03c5-34de-87c4-1affdb0148c3,2e8b42f8-4300-30a9-a576-d513d1021a0a,Chris95 Haag279,M,GENERAL PRACTICE,600 CLARK RD,TEWKSBURY,MA,018761699,42.63120935,-71.27023603178071,60,0
9857b734-fba6-3135-976e-1c7811e379db,847ba43f-362d-3325-a095-93eb95d9dd90,Lawanda300 Bayer639,F,GENERAL PRACTICE,60 E SILVER ST,WESTFIELD,MA,010854434,42.1147598,-72.73956114707532,1,0
f4fc03f7-0604-30cd-817d-9623656a0948,d140ed3f-2696-3e78-bd77-1c959ec4fc4d,Orpha286 Marks830,F,GENERAL PRACTICE,863 HATHAWAY ROAD,NEW BEDFORD,MA,027401916,41.6512968,-70.9669902070805,10,0
2d6aa9e0-8aea-3d5e-a4fe-22bb92bde2ef,39c15c0f-5c49-311e-99d2-1fb99d80e06e,Salvador46 Homenick806,M,GENERAL PRACTICE,398 NEPONSET AVE,DORCHESTER,MA,021223134,42.286764399999996,-71.04402811508834,110,0
71bfb8c6-bb65-39af-a0ac-60124a7b2df4,bccd7d67-203c-3d93-b6b0-bff5a146cd1d,Paulene52 Kihn564,F,GENERAL PRACTICE,286 WASHINGTON ST,STOUGHTON,MA,020721763,42.1384306,-71.1022598,66,0
1412167b-39f4-38f3-85c7-3c54202a849b,f8918a95-31e8-3ac4-8d12-29ca6080ebda,Rudolf736 Vandervort697,M,GENERAL PRACTICE,199 REEDSDALE RD,MILTON,MA,021863926,42.251368299999996,-71.0768393856917,910,0
d72cb0cc-d7db-3951-ab60-e20e445d49bc,8d5880eb-1dd8-31ea-b7c5-21709f3bb341,Jared66 Satterfield305,M,GENERAL PRACTICE,50 ROWE ST,MELROSE,MA,021763201,42.4592093,-71.06078096379728,32,0
a7060301-62b6-3910-9873-5905cef1ae8c,70e3ad4f-b9ff-3f3e-9990-2cd7e23a9d1c,Zane918 Bosco882,M,GENERAL PRACTICE,1238 RIVERDALE ST,WEST SPRINGFIELD,MA,010894675,42.1373438,-72.62624707492338,9,0
1d6f0cc6-2d24-348a-9827-ff8e8a9ff340,88975fd9-b47e-3af6-af78-c58e1ecf0d5e,Azzie965 Feil794,F,GENERAL PRACTICE,115 W SILVER ST,WESTFIELD,MA,010853628,42.1178811,-72.75935246865802,53,0
2632e3ae-a9f9-34c4-b0b1-f07679208785,069b90f9-309b-35e4-b990-d1dbacb962cc,Leo278 Strosin214,F,GENERAL PRACTICE,36 LOWER WESTFIELD ROAD,HOLYOKE,MA,010402749,42.16975305,-72.63488031242107,19,0
9f98c8e9-4317-3ff1-aa27-f9a59daa2c83,3e97ce4f-3ad7-3cea-883f-e2bb4ca89d83,Dan465 Swift555,F,GENERAL PRACTICE,30 NEW CROSSING RD,READING,MA,018673270,42.51809619399502,-71.0959083715027,1,0
21116065-6d0c-3aa1-a432-7594a1096c82,c4e5b33c-17b8-3f51-a8ba-a327d54e642a,Alton320 Dibbert990,M,GENERAL PRACTICE,94 N ELM ST,WESTFIELD,MA,010852917,42.1322823,-72.7436679,67,0
bb4eeb91-da4c-3fed-b210-316875a527ec,552ede7f-2ba4-39ef-9217-29d27b89b8a7,Shameka870 Reichert620,F,GENERAL PRACTICE,87 SHATTUCK STREET,HAVERHILL,MA,018302319,42.796917699999995,-71.05216081525802,5,0
b8553426-42c0-3d8e-88a4-922f620ac980,79d49935-bcc0-36ca-920b-45365c367438,Sherita708 Hudson301,F,GENERAL PRACTICE,409 W BROADWAY,SOUTH BOSTON,MA,021272245,42.336831,-71.047958,57,0
01e13955-62d2-3533-b1dc-5021096e2b6e,0f2c58ec-5323-3c0f-9bdf-af0df7eb2a2b,Bernardo699 Nieves278,M,GENERAL PRACTICE,130 DORCHESTER STREET,SOUTH BOSTON,MA,021272642,42.3334312,-71.0494949,5,0
7d6fbed8-db43-3863-9f65-95fa5e4e7a15,2836d9ac-c6a6-39d1-8f13-fdf0fc8928f4,Alysha630 Koch169,F,GENERAL PRACTICE,365 EAST ST,TEWKSBURY,MA,018761950,42.6069472,-71.2180803,220,0
542d770e-8489-3a33-bad4-86b9b3f57725,7c625dc4-2593-31eb-95fd-6a912832b8bb,Ronny764 Braun514,M,GENERAL PRACTICE,980 WASHINGTON STREET  SUITE 124,DEDHAM,MA,020266704,42.228918,-71.18501264023513,11,0
608d3a8c-1973-33c9-88c5-47e1a973dd53,04b252db-4231-3cb5-963d-6f096fb4b97c,Lorie307 Grady603,F,GENERAL PRACTICE,1177 PROVIDENCE HIGHWAY,NORWOOD,MA,020625019,42.194543,-71.1994976,3,0
347db6aa-55a3-3500-be71-81c45c9e5cc7,4fa8411f-42f8-3353-8947-bf15254c9dee,Jess275 Gutmann970,M,GENERAL PRACTICE,90 GREENWOOD STREET,WAKEFIELD,MA,018804039,42.476321150000004,-71.06922169005762,2,0
d8fd0ca9-6761-366c-b516-ac43323adc2b,f5ccbb53-e4a0-32e5-a693-02150497a8f4,Astrid395 Huels583,F,GENERAL PRACTICE,100 HIGHLAND ST,MILTON,MA,021863881,42.250705749999995,-71.07724199194602,34,0
986624df-1cb4-387c-ab41-dfd898e18c5d,7445ae34-b648-3d3a-b8cf-0eb630061b6e,Pearline482 Pagac496,F,GENERAL PRACTICE,34 CEDAR ST STE 4,WEST ROXBURY,MA,021324338,42.2792649,-71.1494972,3,0
277c5a91-f26f-3fc2-9a0c-fd427895d0af,ad2dab07-4f85-3950-baaa-7c7cd2aa770c,Elvira561 Ureña88,F,GENERAL PRACTICE,55 LAKE AVENUE NORTH,WORCESTER,MA,016550002,42.2774799,-71.76166994969458,2,0
52e6c7b1-3f84-3f10-985e-20a60843c249,0d1570ab-371c-3898-9397-95905d8c5166,Santina680 Dicki44,F,GENERAL PRACTICE,750 WASHINGTON ST,BOSTON,MA,021111552,42.3499038,-71.0631836,755,0
a5c5a152-af97-3017-8e90-6fc9b8c5fd1d,1853aeef-5897-326a-80d6-aa4b0459eb6d,Jewel43 Kassulke119,M,GENERAL PRACTICE,381 WICKENDEN ST,ATTLEBORO,MA,027032247,41.9438129,-71.2806515,1,0
30418b65-b4b6-34f6-a592-502f39c68816,3f12ebb4-e03c-3453-88d2-4fc9682383df,Irina619 Stiedemann542,F,GENERAL PRACTICE,726 COUNTY ST,NORTH DARTMOUTH,MA,027473603,41.6389926,-70.9703171,33,0
731d1c51-fdde-3da6-98a9-6ab7a9d154ab,b242f971-3c74-3778-b148-81366c1e6a3f,Leland44 Bernier607,M,GENERAL PRACTICE,10 CAREMATRIX DR,DEDHAM,MA,020266149,42.2270762,-71.17237295563174,19,0
97615685-212a-3c53-a7cb-8a1a4a024731,83a08dcf-7ed6-3d2e-afc0-a72c05d2563c,Jerri638 Stiedemann542,F,GENERAL PRACTICE,755 MAIN ST,HAVERHILL,MA,018302166,42.797835,-71.0878121,82,0
d9cd41dc-9216-3389-860d-03c2e06052b1,c9aabcbd-d4e0-391f-8980-d0be6934ea82,Shonda871 Leffler128,F,GENERAL PRACTICE,340 PLEASANT ST,BROCKTON,MA,023013236,42.08764334999999,-71.03287346676532,16,0
e62f155c-5d90-3c40-87fb-6eb0c3271cb7,1cec4304-9757-3a10-ad4f-7e2090c56131,Eugene421 Rohan584,F,GENERAL PRACTICE,55 LAKE AVE N,WORCESTER,MA,016550002,42.2774799,-71.76166994969458,19,0
5218ca1f-1efd-3d05-b436-6b4522cbb4f0,966245ce-e84d-36b0-a838-2e0b5bb2e668,Refugio197 Crooks415,M,GENERAL PRACTICE,1425 BLUE HILL AVENUE,MATTAPAN,MA,021262122,42.2754929,-71.09384131587021,2,0
1e297650-2812-3247-80b8-16c7ef4db044,9ce6072b-d039-3cde-8eaf-950211b8ae88,Saul605 Ratke343,M,GENERAL PRACTICE,147 S MAIN ST,MIDDLETON,MA,019492446,42.585787222720036,-71.00861442427218,5,0
72c6944a-eb57-35b9-b803-03a79562d4ef,43ee6bb5-8efa-3bfc-8ca8-1579a5267753,Benjamín452 Rivera179,M,GENERAL PRACTICE,235 N PEARL ST,BROCKTON,MA,023011794,42.09805395,-71.0609587194362,8,0
2b3d516c-82d0-36c8-b30c-379e146c5f9e,b954c464-11ea-312b-a3f8-1350775bfa54,Hortensia953 Walker122,F,GENERAL PRACTICE,123 CAPTAIN'S ROW,CHELSEA,MA,021504019,42.3917638,-71.0328284,1,0
c77bf8a1-6d75-3167-84d7-307d0a280215,76baa51d-0d0f-359d-a07b-7b999a43d42e,Dong972 Gibson10,F,GENERAL PRACTICE,101 STATION DR STE 240,WESTWOOD,MA,020902336,42.20728361922244,-71.15698168263435,28,0
4319bf2b-e1a9-3bcf-ba3c-8b9f8844f871,c05d73d0-b348-32ce-9fe5-13a720950f37,Rema399 McDermott739,F,GENERAL PRACTICE,45 DRUM HILL RD,CHELMSFORD,MA,018241503,42.6255635,-71.3615131,7,0
b085b082-f81c-31df-9181-37a1d3b03a2c,d51d98bc-ef4c-363b-8450-c01537258b11,Gus973 Koch169,M,GENERAL PRACTICE,1007 EAST ST,DEDHAM,MA,020266363,42.22837415,-71.16281500487283,1,0
